UniProt_ID,Protein_Name,Gene_Name,Category,Disease_Association,AlphaFold_Version,PDB_URL,Sequence_Length,pLDDT_Mean,Frac_VeryLow_pLDDT,Frac_Low_pLDDT,Frac_Confident_pLDDT,Frac_VeryHigh_pLDDT,frac_hydrophobic,frac_polar,frac_charged_pos,frac_charged_neg,frac_aromatic,frac_small,frac_proline,frac_glycine,frac_cysteine,aa_A,aa_C,aa_D,aa_E,aa_F,aa_G,aa_H,aa_I,aa_K,aa_L,aa_M,aa_N,aa_P,aa_Q,aa_R,aa_S,aa_T,aa_V,aa_W,aa_Y,molecular_weight,helix_propensity,sheet_propensity,turn_propensity,disorder_propensity
P00533,Epidermal growth factor receptor,EGFR,Kinase,Non-small cell lung cancer,6,https://alphafold.ebi.ac.uk/files/AF-P00533-F1-model_v6.pdb,1210,75.94,0.228,0.065,0.233,0.474,0.35702479338842974,0.21735537190082643,0.12975206611570247,0.1140495867768595,0.07024793388429752,0.2487603305785124,0.06198347107438017,0.07024793388429752,0.049586776859504134,0.05950413223140496,0.049586776859504134,0.050413223140495865,0.06363636363636363,0.02975206611570248,0.07024793388429752,0.0256198347107438,0.05702479338842975,0.05454545454545454,0.09173553719008265,0.02066115702479339,0.05454545454545454,0.06198347107438017,0.04049586776859504,0.049586776859504134,0.06942148760330578,0.05289256198347107,0.05785123966942149,0.010743801652892562,0.02975206611570248,155886,0.3305785123966942,0.22396694214876034,0.3066115702479339,0.4099173553719008
P24941,Cyclin-dependent kinase 2,CDK2,Kinase,Cancer cell cycle,6,https://alphafold.ebi.ac.uk/files/AF-P24941-F1-model_v6.pdb,298,88.44,0.027,0.087,0.195,0.691,0.4429530201342282,0.1610738255033557,0.15771812080536912,0.11073825503355705,0.10067114093959731,0.174496644295302,0.06375838926174497,0.053691275167785234,0.010067114093959731,0.06375838926174497,0.010067114093959731,0.053691275167785234,0.05704697986577181,0.053691275167785234,0.053691275167785234,0.03355704697986577,0.053691275167785234,0.07046979865771812,0.13087248322147652,0.016778523489932886,0.026845637583892617,0.06375838926174497,0.030201342281879196,0.053691275167785234,0.04697986577181208,0.05704697986577181,0.07718120805369127,0.013422818791946308,0.03355704697986577,39236,0.3691275167785235,0.22818791946308725,0.24496644295302014,0.37583892617449666
P15056,Serine/threonine-protein kinase B-raf,BRAF,Kinase,Melanoma,6,https://alphafold.ebi.ac.uk/files/AF-P15056-F1-model_v6.pdb,766,66.38,0.386,0.061,0.258,0.294,0.3642297650130548,0.24151436031331594,0.13185378590078328,0.10574412532637076,0.07571801566579635,0.2597911227154047,0.06657963446475196,0.0731070496083551,0.016971279373368148,0.06788511749347259,0.016971279373368148,0.050913838120104436,0.05483028720626632,0.04308093994778068,0.0731070496083551,0.02610966057441253,0.05613577023498695,0.05352480417754569,0.08877284595300261,0.02349869451697128,0.03524804177545692,0.06657963446475196,0.05352480417754569,0.05221932114882506,0.10182767624020887,0.050913838120104436,0.05221932114882506,0.010443864229765013,0.022193211488250653,98111,0.34203655352480417,0.1906005221932115,0.3276762402088773,0.4556135770234987
Q9UM73,ALK tyrosine kinase receptor,ALK,Kinase,Lung cancer lymphoma,6,https://alphafold.ebi.ac.uk/files/AF-Q9UM73-F1-model_v6.pdb,1620,68.19,0.271,0.153,0.372,0.204,0.36666666666666664,0.2111111111111111,0.11975308641975309,0.09938271604938272,0.07530864197530865,0.2802469135802469,0.07777777777777778,0.10123456790123457,0.024074074074074074,0.06851851851851852,0.024074074074074074,0.03641975308641975,0.06296296296296296,0.03209876543209877,0.10123456790123457,0.024691358024691357,0.040740740740740744,0.04197530864197531,0.10123456790123457,0.025308641975308643,0.040123456790123455,0.07777777777777778,0.03888888888888889,0.05308641975308642,0.08641975308641975,0.04567901234567901,0.05555555555555555,0.020370370370370372,0.022839506172839506,205383,0.3388888888888889,0.17530864197530865,0.3419753086419753,0.4623456790123457
P42336,PI3-kinase catalytic subunit alpha,PIK3CA,Kinase,Cancer,6,https://alphafold.ebi.ac.uk/files/AF-P42336-F1-model_v6.pdb,1068,92.38,0.011,0.05,0.117,0.822,0.4110486891385768,0.1891385767790262,0.150749063670412,0.1254681647940075,0.09550561797752809,0.17228464419475656,0.047752808988764044,0.04588014981273408,0.0299625468164794,0.042134831460674156,0.0299625468164794,0.054307116104868915,0.07116104868913857,0.04119850187265917,0.04588014981273408,0.028089887640449437,0.06647940074906367,0.06741573033707865,0.11797752808988764,0.03651685393258427,0.052434456928838954,0.047752808988764044,0.0449438202247191,0.0552434456928839,0.054307116104868915,0.03745318352059925,0.052434456928838954,0.017790262172284643,0.03651685393258427,143346,0.3801498127340824,0.22659176029962547,0.2546816479400749,0.38670411985018727
O15111,Inhibitor of NF-kappa-B kinase subunit alpha,CHUK,Kinase,Inflammation cancer,6,https://alphafold.ebi.ac.uk/files/AF-O15111-F1-model_v6.pdb,745,83.81,0.099,0.074,0.234,0.593,0.38926174496644295,0.20939597315436242,0.1476510067114094,0.12483221476510067,0.0697986577181208,0.21476510067114093,0.042953020134228186,0.05906040268456376,0.026845637583892617,0.04563758389261745,0.026845637583892617,0.04697986577181208,0.07785234899328859,0.024161073825503355,0.05906040268456376,0.036241610738255034,0.06577181208053691,0.06845637583892618,0.1221476510067114,0.03355704697986577,0.036241610738255034,0.042953020134228186,0.052348993288590606,0.042953020134228186,0.08322147651006712,0.03758389261744966,0.052348993288590606,0.016107382550335572,0.02953020134228188,97934,0.4,0.19865771812080538,0.2684563758389262,0.4268456375838926
P36507,Dual specificity MAP kinase kinase 2,MAP2K2,Kinase,Cancer,6,https://alphafold.ebi.ac.uk/files/AF-P36507-F1-model_v6.pdb,400,81.62,0.172,0.055,0.145,0.627,0.3825,0.1675,0.1475,0.135,0.0575,0.215,0.0775,0.0775,0.0125,0.0625,0.0125,0.0475,0.0875,0.0325,0.0775,0.025,0.0675,0.06,0.1,0.0275,0.035,0.0775,0.035,0.0625,0.0625,0.035,0.0675,0.005,0.02,51555,0.3725,0.2,0.3,0.4625
Q00534,Cyclin-dependent kinase 6,CDK6,Kinase,Breast cancer lymphoma,6,https://alphafold.ebi.ac.uk/files/AF-Q00534-F1-model_v6.pdb,326,85.38,0.086,0.077,0.212,0.626,0.401840490797546,0.18404907975460122,0.15030674846625766,0.13803680981595093,0.08282208588957055,0.19325153374233128,0.05214723926380368,0.05521472392638037,0.018404907975460124,0.05828220858895705,0.018404907975460124,0.0705521472392638,0.06748466257668712,0.049079754601226995,0.05521472392638037,0.027607361963190184,0.03680981595092025,0.05521472392638037,0.1196319018404908,0.018404907975460124,0.02147239263803681,0.05214723926380368,0.04294478527607362,0.06748466257668712,0.06134969325153374,0.05828220858895705,0.08588957055214724,0.009202453987730062,0.024539877300613498,42746,0.3619631901840491,0.2147239263803681,0.2607361963190184,0.401840490797546
P45983,Mitogen-activated protein kinase 8,MAPK8,Kinase,Inflammation cancer,6,https://alphafold.ebi.ac.uk/files/AF-P45983-F1-model_v6.pdb,427,82.38,0.166,0.042,0.15,0.642,0.4028103044496487,0.1990632318501171,0.14285714285714285,0.12412177985948478,0.07962529274004684,0.21311475409836064,0.05620608899297424,0.05152224824355972,0.0234192037470726,0.06088992974238876,0.0234192037470726,0.0585480093676815,0.06557377049180328,0.02810304449648712,0.05152224824355972,0.02576112412177986,0.06323185011709602,0.06791569086651054,0.09133489461358314,0.03747072599531616,0.04215456674473068,0.05620608899297424,0.03981264637002342,0.04918032786885246,0.07728337236533958,0.03981264637002342,0.0702576112412178,0.00936768149882904,0.04215456674473068,55908,0.3629976580796253,0.22716627634660422,0.2857142857142857,0.40749414519906324
P11309,Proto-oncogene serine/threonine-protein kinase Pim-1,PIM1,Kinase,Hematologic cancers,6,https://alphafold.ebi.ac.uk/files/AF-P11309-F1-model_v6.pdb,313,89.44,0.112,0.01,0.042,0.837,0.3993610223642173,0.1597444089456869,0.1501597444089457,0.14057507987220447,0.08945686900958466,0.20766773162939298,0.06070287539936102,0.07028753993610223,0.019169329073482427,0.04472843450479233,0.019169329073482427,0.06389776357827476,0.07667731629392971,0.04472843450479233,0.07028753993610223,0.04153354632587859,0.06070287539936102,0.038338658146964855,0.12140575079872204,0.012779552715654952,0.025559105431309903,0.06070287539936102,0.03514376996805112,0.07028753993610223,0.07348242811501597,0.025559105431309903,0.07028753993610223,0.022364217252396165,0.022364217252396165,41261,0.329073482428115,0.21725239616613418,0.2939297124600639,0.4249201277955272
P49761,Dual specificity tyrosine-regulated kinase 1A,DYRK1A,Kinase,Down syndrome cancer,6,https://alphafold.ebi.ac.uk/files/AF-P49761-F1-model_v6.pdb,490,79.0,0.282,0.01,0.031,0.678,0.3183673469387755,0.18571428571428572,0.24285714285714285,0.12857142857142856,0.10612244897959183,0.19183673469387755,0.05102040816326531,0.04693877551020408,0.026530612244897958,0.03469387755102041,0.026530612244897958,0.04081632653061224,0.08775510204081632,0.04693877551020408,0.04693877551020408,0.061224489795918366,0.03469387755102041,0.05918367346938776,0.08163265306122448,0.02040816326530612,0.03469387755102041,0.05102040816326531,0.02857142857142857,0.12244897959183673,0.0836734693877551,0.03877551020408163,0.04081632653061224,0.012244897959183673,0.04693877551020408,67324,0.3122448979591837,0.19591836734693877,0.2571428571428571,0.47959183673469385
P06493,Cyclin-dependent kinase 1,CDK1,Kinase,Cancer mitosis,6,https://alphafold.ebi.ac.uk/files/AF-P06493-F1-model_v6.pdb,297,89.31,0.03,0.051,0.229,0.69,0.4208754208754209,0.18181818181818182,0.15824915824915825,0.12457912457912458,0.09764309764309764,0.1750841750841751,0.050505050505050504,0.06060606060606061,0.003367003367003367,0.04040404040404041,0.003367003367003367,0.06397306397306397,0.06060606060606061,0.037037037037037035,0.06060606060606061,0.026936026936026935,0.07407407407407407,0.08080808080808081,0.12121212121212122,0.026936026936026935,0.03367003367003367,0.050505050505050504,0.03367003367003367,0.050505050505050504,0.0707070707070707,0.04377104377104377,0.06060606060606061,0.013468013468013467,0.04713804713804714,39384,0.36363636363636365,0.2222222222222222,0.27946127946127947,0.4074074074074074
Q13546,Receptor-interacting serine/threonine-protein kinase 1,RIPK1,Kinase,Inflammation neurodegeneration,6,https://alphafold.ebi.ac.uk/files/AF-Q13546-F1-model_v6.pdb,671,69.75,0.308,0.104,0.265,0.322,0.35767511177347244,0.23546944858420268,0.14157973174366617,0.12965722801788376,0.07898658718330849,0.21609538002980627,0.05663189269746647,0.06408345752608048,0.014903129657228018,0.05216095380029806,0.014903129657228018,0.043219076005961254,0.08643815201192251,0.026825633383010434,0.06408345752608048,0.03278688524590164,0.05216095380029806,0.06557377049180328,0.08792846497764531,0.03576751117734724,0.05961251862891207,0.05663189269746647,0.04769001490312966,0.043219076005961254,0.08494783904619971,0.043219076005961254,0.05067064083457526,0.010432190760059613,0.041728763040238454,87905,0.37555886736214605,0.18628912071535023,0.30849478390462,0.4485842026825633
P68400,Casein kinase II subunit alpha,CSNK2A1,Kinase,Cancer,6,https://alphafold.ebi.ac.uk/files/AF-P68400-F1-model_v6.pdb,391,88.94,0.133,0.013,0.02,0.834,0.4143222506393862,0.17135549872122763,0.16624040920716113,0.12531969309462915,0.10485933503836317,0.1815856777493606,0.061381074168797956,0.056265984654731455,0.005115089514066497,0.056265984654731455,0.005115089514066497,0.06905370843989769,0.056265984654731455,0.03324808184143223,0.056265984654731455,0.04092071611253197,0.05370843989769821,0.058823529411764705,0.08439897698209718,0.03836317135549872,0.043478260869565216,0.061381074168797956,0.030690537084398978,0.06649616368286446,0.0639386189258312,0.03324808184143223,0.07672634271099744,0.01278772378516624,0.058823529411764705,52112,0.3248081841432225,0.22762148337595908,0.29411764705882354,0.3938618925831202
O14965,Aurora kinase A,AURKA,Kinase,Cancer cell division,6,https://alphafold.ebi.ac.uk/files/AF-O14965-F1-model_v6.pdb,403,75.06,0.308,0.062,0.069,0.561,0.34491315136476425,0.23821339950372208,0.17369727047146402,0.10421836228287841,0.07196029776674938,0.20595533498759305,0.07444168734491315,0.04714640198511166,0.017369727047146403,0.05955334987593052,0.017369727047146403,0.02729528535980149,0.07692307692307693,0.03225806451612903,0.04714640198511166,0.02977667493796526,0.03722084367245657,0.0794044665012407,0.10669975186104218,0.009925558312655087,0.04714640198511166,0.07444168734491315,0.06699751861042183,0.06451612903225806,0.08188585607940446,0.04218362282878412,0.05955334987593052,0.009925558312655087,0.02977667493796526,53007,0.39950372208436724,0.1761786600496278,0.27791563275434245,0.4913151364764268
P07550,Beta-2 adrenergic receptor,ADRB2,GPCR,Asthma COPD,6,https://alphafold.ebi.ac.uk/files/AF-P07550-F1-model_v6.pdb,413,79.12,0.211,0.09,0.104,0.596,0.4552058111380145,0.22518159806295399,0.10653753026634383,0.0847457627118644,0.11380145278450363,0.23002421307506055,0.029055690072639227,0.06779661016949153,0.031476997578692496,0.06053268765133172,0.031476997578692496,0.0387409200968523,0.04600484261501211,0.06053268765133172,0.06779661016949153,0.026634382566585957,0.07506053268765134,0.0387409200968523,0.09443099273607748,0.024213075060532687,0.053268765133171914,0.029055690072639227,0.04600484261501211,0.04116222760290557,0.07021791767554479,0.05569007263922518,0.08716707021791767,0.01937046004842615,0.03389830508474576,53821,0.3099273607748184,0.288135593220339,0.25907990314769974,0.3389830508474576
P14416,D2 dopamine receptor,DRD2,GPCR,Schizophrenia Parkinson,6,https://alphafold.ebi.ac.uk/files/AF-P14416-F1-model_v6.pdb,443,72.44,0.264,0.126,0.235,0.375,0.45372460496614,0.21218961625282168,0.1489841986455982,0.06997742663656885,0.09706546275395034,0.19413092550790068,0.060948081264108354,0.02708803611738149,0.02708803611738149,0.0654627539503386,0.02708803611738149,0.03611738148984198,0.033860045146726865,0.04288939051918736,0.02708803611738149,0.03160270880361174,0.07674943566591422,0.05191873589164785,0.09932279909706546,0.033860045146726865,0.05191873589164785,0.060948081264108354,0.020316027088036117,0.0654627539503386,0.0744920993227991,0.0654627539503386,0.08126410835214447,0.01580135440180587,0.03837471783295711,58516,0.3047404063205418,0.26636568848758463,0.2505643340857788,0.3340857787810384
P35372,Mu-type opioid receptor,OPRM1,GPCR,Pain addiction,6,https://alphafold.ebi.ac.uk/files/AF-P35372-F1-model_v6.pdb,400,76.56,0.177,0.13,0.217,0.475,0.4575,0.25,0.095,0.06,0.105,0.225,0.0575,0.0375,0.0425,0.065,0.0425,0.0375,0.0225,0.05,0.0375,0.0175,0.0875,0.03,0.0925,0.035,0.06,0.0575,0.0175,0.0475,0.08,0.0925,0.0725,0.0175,0.0375,51909,0.2625,0.29,0.2725,0.2925
P28222,5-hydroxytryptamine receptor 1B,HTR1B,GPCR,Depression migraine,6,https://alphafold.ebi.ac.uk/files/AF-P28222-F1-model_v6.pdb,390,79.19,0.195,0.077,0.228,0.5,0.48717948717948717,0.2230769230769231,0.10512820512820513,0.06923076923076923,0.1076923076923077,0.23846153846153847,0.05641025641025641,0.03076923076923077,0.028205128205128206,0.08974358974358974,0.028205128205128206,0.035897435897435895,0.03333333333333333,0.04358974358974359,0.03076923076923077,0.01282051282051282,0.07948717948717948,0.046153846153846156,0.1076923076923077,0.020512820512820513,0.028205128205128206,0.05641025641025641,0.02564102564102564,0.046153846153846156,0.08974358974358974,0.07948717948717948,0.08205128205128205,0.02564102564102564,0.038461538461538464,50519,0.3230769230769231,0.2717948717948718,0.24102564102564103,0.3282051282051282
P25021,Histamine H1 receptor,HRH1,GPCR,Allergy inflammation,6,https://alphafold.ebi.ac.uk/files/AF-P25021-F1-model_v6.pdb,359,82.94,0.136,0.084,0.128,0.652,0.49025069637883006,0.23119777158774374,0.11142061281337047,0.055710306406685235,0.09749303621169916,0.2395543175487465,0.03064066852367688,0.04456824512534819,0.036211699164345405,0.08356545961002786,0.036211699164345405,0.03064066852367688,0.025069637883008356,0.04178272980501393,0.04456824512534819,0.013927576601671309,0.07242339832869081,0.036211699164345405,0.1309192200557103,0.016713091922005572,0.052924791086350974,0.03064066852367688,0.03064066852367688,0.06128133704735376,0.07520891364902507,0.07242339832869081,0.08913649025069638,0.019498607242339833,0.036211699164345405,46495,0.3231197771587744,0.2757660167130919,0.233983286908078,0.30362116991643456
P08172,Muscarinic acetylcholine receptor M2,CHRM2,GPCR,Heart rate cognition,6,https://alphafold.ebi.ac.uk/files/AF-P08172-F1-model_v6.pdb,466,72.06,0.32,0.088,0.084,0.509,0.4356223175965665,0.26394849785407726,0.10944206008583691,0.06866952789699571,0.09227467811158799,0.22103004291845493,0.05150214592274678,0.04291845493562232,0.027896995708154508,0.06866952789699571,0.027896995708154508,0.03648068669527897,0.032188841201716736,0.03862660944206009,0.04291845493562232,0.012875536480686695,0.07939914163090128,0.06652360515021459,0.07510729613733906,0.027896995708154508,0.07510729613733906,0.05150214592274678,0.02575107296137339,0.030042918454935622,0.0815450643776824,0.0815450643776824,0.09227467811158799,0.019313304721030045,0.034334763948497854,60025,0.296137339055794,0.27253218884120173,0.2875536480686695,0.33047210300429186
P21917,D4 dopamine receptor,DRD4,GPCR,ADHD schizophrenia,6,https://alphafold.ebi.ac.uk/files/AF-P21917-F1-model_v6.pdb,419,77.12,0.227,0.117,0.189,0.468,0.45346062052505964,0.1431980906921241,0.09785202863961814,0.05489260143198091,0.06205250596658711,0.3317422434367542,0.11933174224343675,0.081145584725537,0.050119331742243436,0.14558472553699284,0.050119331742243436,0.0405727923627685,0.014319809069212411,0.031026252983293555,0.081145584725537,0.00477326968973747,0.01909307875894988,0.00954653937947494,0.12410501193317422,0.014319809069212411,0.026252983293556086,0.11933174224343675,0.026252983293556086,0.08353221957040573,0.05489260143198091,0.03579952267303103,0.0883054892601432,0.014319809069212411,0.016706443914081145,51374,0.3341288782816229,0.2052505966587112,0.3221957040572792,0.38902147971360385
P34969,5-hydroxytryptamine receptor 7,HTR7,GPCR,Depression sleep,6,https://alphafold.ebi.ac.uk/files/AF-P34969-F1-model_v6.pdb,479,73.31,0.251,0.102,0.251,0.397,0.4697286012526096,0.18162839248434237,0.12317327766179541,0.07515657620041753,0.10020876826722339,0.2359081419624217,0.06263048016701461,0.054279749478079335,0.033402922755741124,0.07724425887265135,0.033402922755741124,0.03966597077244259,0.03549060542797495,0.04801670146137787,0.054279749478079335,0.018789144050104383,0.06680584551148225,0.04801670146137787,0.1127348643006263,0.029227557411273485,0.037578288100208766,0.06263048016701461,0.022964509394572025,0.05636743215031315,0.0709812108559499,0.05010438413361169,0.08350730688935282,0.020876826722338204,0.031315240083507306,62096,0.325678496868476,0.2630480167014614,0.2651356993736952,0.35073068893528186
P30556,Type-1 angiotensin II receptor,AGTR1,GPCR,Hypertension heart failure,6,https://alphafold.ebi.ac.uk/files/AF-P30556-F1-model_v6.pdb,359,82.31,0.123,0.084,0.206,0.588,0.5292479108635098,0.19220055710306408,0.116991643454039,0.052924791086350974,0.1392757660167131,0.19498607242339833,0.04735376044568245,0.033426183844011144,0.027855153203342618,0.06406685236768803,0.027855153203342618,0.033426183844011144,0.019498607242339833,0.07799442896935933,0.033426183844011144,0.016713091922005572,0.11420612813370473,0.06406685236768803,0.12813370473537605,0.025069637883008356,0.05013927576601671,0.04735376044568245,0.016713091922005572,0.036211699164345405,0.06963788300835655,0.055710306406685235,0.0584958217270195,0.013927576601671309,0.04735376044568245,47456,0.31754874651810583,0.32590529247910865,0.233983286908078,0.28690807799442897
P28223,5-hydroxytryptamine receptor 2A,HTR2A,GPCR,Depression psychosis,6,https://alphafold.ebi.ac.uk/files/AF-P28223-F1-model_v6.pdb,471,73.75,0.274,0.113,0.106,0.507,0.4543524416135881,0.267515923566879,0.09766454352441614,0.08067940552016985,0.09766454352441614,0.24416135881104034,0.029723991507430998,0.03821656050955414,0.03184713375796178,0.06157112526539278,0.03184713375796178,0.04246284501061571,0.03821656050955414,0.05307855626326964,0.03821656050955414,0.012738853503184714,0.07218683651804671,0.05732484076433121,0.12101910828025478,0.03184713375796178,0.059447983014861996,0.029723991507430998,0.03821656050955414,0.027600849256900213,0.11252653927813164,0.05732484076433121,0.07006369426751592,0.014861995753715499,0.029723991507430998,61002,0.3481953290870488,0.25690021231422505,0.2823779193205945,0.34182590233545646
P30542,Adenosine receptor A1,ADORA1,GPCR,Cardiac arrhythmia pain,6,https://alphafold.ebi.ac.uk/files/AF-P30542-F1-model_v6.pdb,326,92.44,0.003,0.077,0.086,0.834,0.5613496932515337,0.147239263803681,0.09815950920245399,0.06134969325153374,0.1165644171779141,0.21779141104294478,0.06748466257668712,0.03680981595092025,0.027607361963190184,0.09815950920245399,0.027607361963190184,0.027607361963190184,0.03374233128834356,0.05828220858895705,0.03680981595092025,0.015337423312883436,0.0950920245398773,0.046012269938650305,0.12576687116564417,0.027607361963190184,0.03680981595092025,0.06748466257668712,0.024539877300613498,0.03680981595092025,0.05521472392638037,0.03067484662576687,0.09815950920245399,0.02147239263803681,0.03680981595092025,42318,0.3558282208588957,0.3159509202453988,0.22392638036809817,0.3006134969325153
P29274,Adenosine receptor A2a,ADORA2A,GPCR,Parkinson inflammation,6,https://alphafold.ebi.ac.uk/files/AF-P29274-F1-model_v6.pdb,412,80.38,0.235,0.032,0.097,0.636,0.49029126213592233,0.1796116504854369,0.09466019417475728,0.05825242718446602,0.09223300970873786,0.28398058252427183,0.05825242718446602,0.0825242718446602,0.03640776699029126,0.10194174757281553,0.03640776699029126,0.021844660194174758,0.03640776699029126,0.04854368932038835,0.0825242718446602,0.02669902912621359,0.0703883495145631,0.021844660194174758,0.12135922330097088,0.019417475728155338,0.043689320388349516,0.05825242718446602,0.038834951456310676,0.04611650485436893,0.06310679611650485,0.03398058252427184,0.08495145631067962,0.01699029126213592,0.02669902912621359,52053,0.33980582524271846,0.2669902912621359,0.26941747572815533,0.3470873786407767
P03372,Estrogen receptor alpha,ESR1,Nuclear_Receptor,Breast cancer,6,https://alphafold.ebi.ac.uk/files/AF-P03372-F1-model_v6.pdb,595,66.44,0.464,0.032,0.069,0.435,0.39327731092436974,0.20168067226890757,0.14453781512605043,0.10084033613445378,0.07226890756302522,0.25546218487394956,0.058823529411764705,0.07899159663865546,0.021848739495798318,0.07899159663865546,0.021848739495798318,0.040336134453781515,0.06050420168067227,0.025210084033613446,0.07899159663865546,0.03697478991596639,0.031932773109243695,0.04873949579831933,0.1226890756302521,0.0453781512605042,0.04201680672268908,0.058823529411764705,0.04201680672268908,0.058823529411764705,0.07563025210084033,0.04201680672268908,0.04201680672268908,0.008403361344537815,0.03865546218487395,76832,0.3983193277310924,0.15966386554621848,0.2957983193277311,0.4235294117647059
P10275,Androgen receptor,AR,Nuclear_Receptor,Prostate cancer,6,https://alphafold.ebi.ac.uk/files/AF-P10275-F1-model_v6.pdb,920,57.25,0.582,0.039,0.11,0.27,0.35,0.22717391304347825,0.10869565217391304,0.1,0.075,0.30978260869565216,0.08043478260869565,0.10434782608695652,0.029347826086956522,0.08804347826086957,0.029347826086956522,0.04021739130434782,0.059782608695652176,0.030434782608695653,0.10434782608695652,0.020652173913043477,0.025,0.043478260869565216,0.09456521739130434,0.02391304347826087,0.021739130434782608,0.08043478260869565,0.07717391304347826,0.04456521739130435,0.08804347826086957,0.04021739130434782,0.043478260869565216,0.008695652173913044,0.035869565217391305,115618,0.3869565217391304,0.1641304347826087,0.3347826086956522,0.49782608695652175
P37231,Peroxisome proliferator-activated receptor gamma,PPARG,Nuclear_Receptor,Diabetes obesity,6,https://alphafold.ebi.ac.uk/files/AF-P37231-F1-model_v6.pdb,505,76.12,0.275,0.038,0.137,0.55,0.39801980198019804,0.2079207920792079,0.14257425742574256,0.1405940594059406,0.09108910891089109,0.19207920792079208,0.04950495049504951,0.041584158415841586,0.019801980198019802,0.053465346534653464,0.019801980198019802,0.07128712871287128,0.06930693069306931,0.053465346534653464,0.041584158415841586,0.027722772277227723,0.06930693069306931,0.07722772277227723,0.10297029702970296,0.033663366336633666,0.031683168316831684,0.04950495049504951,0.047524752475247525,0.03762376237623762,0.07722772277227723,0.05148514851485148,0.047524752475247525,0.0019801980198019802,0.03564356435643564,66626,0.38415841584158417,0.22574257425742575,0.2712871287128713,0.4
Q07869,Peroxisome proliferator-activated receptor alpha,PPARA,Nuclear_Receptor,Dyslipidemia,6,https://alphafold.ebi.ac.uk/files/AF-Q07869-F1-model_v6.pdb,468,80.19,0.216,0.043,0.096,0.645,0.3952991452991453,0.19230769230769232,0.1388888888888889,0.13034188034188035,0.07692307692307693,0.24572649572649571,0.042735042735042736,0.05982905982905983,0.0405982905982906,0.06623931623931624,0.0405982905982906,0.057692307692307696,0.07264957264957266,0.04700854700854701,0.05982905982905983,0.027777777777777776,0.06196581196581197,0.07051282051282051,0.10042735042735043,0.03205128205128205,0.0405982905982906,0.042735042735042736,0.03418803418803419,0.0405982905982906,0.07905982905982906,0.038461538461538464,0.057692307692307696,0.0,0.029914529914529916,60571,0.37606837606837606,0.23717948717948717,0.2799145299145299,0.3995726495726496
P19793,Retinoic acid receptor RXR-alpha,RXRA,Nuclear_Receptor,Cancer differentiation,6,https://alphafold.ebi.ac.uk/files/AF-P19793-F1-model_v6.pdb,462,75.38,0.297,0.071,0.089,0.543,0.3593073593073593,0.21861471861471862,0.14285714285714285,0.10606060606060606,0.06060606060606061,0.25757575757575757,0.07575757575757576,0.06926406926406926,0.02813852813852814,0.06277056277056277,0.02813852813852814,0.045454545454545456,0.06060606060606061,0.0367965367965368,0.06926406926406926,0.032467532467532464,0.04329004329004329,0.05627705627705628,0.1038961038961039,0.0367965367965368,0.03896103896103896,0.07575757575757576,0.030303030303030304,0.05411255411255411,0.09740259740259741,0.05194805194805195,0.05194805194805195,0.004329004329004329,0.01948051948051948,59051,0.35064935064935066,0.17965367965367965,0.3268398268398268,0.44372294372294374
P04150,Glucocorticoid receptor,NR3C1,Nuclear_Receptor,Inflammation autoimmune,6,https://alphafold.ebi.ac.uk/files/AF-P04150-F1-model_v6.pdb,777,59.59,0.557,0.036,0.057,0.35,0.3474903474903475,0.277992277992278,0.11454311454311454,0.1093951093951094,0.0682110682110682,0.24967824967824967,0.05791505791505792,0.06692406692406692,0.02574002574002574,0.047619047619047616,0.02574002574002574,0.05019305019305019,0.059202059202059204,0.03088803088803089,0.06692406692406692,0.014157014157014158,0.043758043758043756,0.06563706563706563,0.10424710424710425,0.029601029601029602,0.05148005148005148,0.05791505791505792,0.05405405405405406,0.03474903474903475,0.1093951093951094,0.06306306306306306,0.05405405405405406,0.009009009009009009,0.028314028314028315,99530,0.36036036036036034,0.18275418275418276,0.3359073359073359,0.44787644787644787
P10827,Thyroid hormone receptor alpha,THRA,Nuclear_Receptor,Hypothyroidism,6,https://alphafold.ebi.ac.uk/files/AF-P10827-F1-model_v6.pdb,490,73.06,0.296,0.047,0.192,0.465,0.336734693877551,0.19795918367346937,0.16326530612244897,0.14285714285714285,0.05102040816326531,0.2510204081632653,0.053061224489795916,0.0673469387755102,0.03877551020408163,0.061224489795918366,0.03877551020408163,0.05918367346938776,0.0836734693877551,0.024489795918367346,0.0673469387755102,0.02857142857142857,0.04693877551020408,0.07142857142857142,0.09591836734693877,0.026530612244897958,0.022448979591836733,0.053061224489795916,0.05918367346938776,0.06326530612244897,0.0836734693877551,0.0326530612244898,0.05510204081632653,0.006122448979591836,0.02040816326530612,63555,0.3979591836734694,0.18571428571428572,0.2857142857142857,0.4816326530612245
Q92731,Estrogen receptor beta,ESR2,Nuclear_Receptor,Breast cancer osteoporosis,6,https://alphafold.ebi.ac.uk/files/AF-Q92731-F1-model_v6.pdb,530,69.31,0.404,0.038,0.104,0.455,0.37735849056603776,0.22075471698113208,0.15660377358490565,0.09433962264150944,0.062264150943396226,0.2679245283018868,0.05849056603773585,0.052830188679245285,0.03962264150943396,0.06415094339622641,0.03962264150943396,0.03773584905660377,0.05660377358490566,0.018867924528301886,0.052830188679245285,0.03962264150943396,0.035849056603773584,0.05660377358490566,0.11509433962264151,0.03773584905660377,0.03773584905660377,0.05849056603773585,0.035849056603773584,0.06037735849056604,0.11132075471698114,0.035849056603773584,0.062264150943396226,0.013207547169811321,0.03018867924528302,68670,0.3660377358490566,0.18679245283018867,0.2981132075471698,0.4320754716981132
P13631,Retinoic acid receptor gamma,RARG,Nuclear_Receptor,Skin cancer differentiation,6,https://alphafold.ebi.ac.uk/files/AF-P13631-F1-model_v6.pdb,454,78.31,0.242,0.066,0.086,0.606,0.3436123348017621,0.19823788546255505,0.13876651982378854,0.12334801762114538,0.07048458149779736,0.24669603524229075,0.08590308370044053,0.07709251101321586,0.03303964757709251,0.05726872246696035,0.03303964757709251,0.048458149779735685,0.07488986784140969,0.04405286343612335,0.07709251101321586,0.013215859030837005,0.039647577092511016,0.06607929515418502,0.1013215859030837,0.039647577092511016,0.028634361233480177,0.08590308370044053,0.037444933920704845,0.05947136563876652,0.07929515418502203,0.05286343612334802,0.03524229074889868,0.0022026431718061676,0.024229074889867842,58438,0.3766519823788546,0.1762114537444934,0.31938325991189426,0.4801762114537445
P06401,Progesterone receptor,PGR,Nuclear_Receptor,Breast cancer contraception,6,https://alphafold.ebi.ac.uk/files/AF-P06401-F1-model_v6.pdb,933,56.16,0.631,0.027,0.061,0.281,0.3858520900321543,0.20042872454448016,0.10289389067524116,0.09646302250803858,0.06216505894962487,0.3161843515541265,0.11039657020364416,0.0782422293676313,0.02572347266881029,0.11039657020364416,0.02572347266881029,0.04180064308681672,0.05466237942122187,0.031082529474812434,0.0782422293676313,0.013933547695605574,0.028938906752411574,0.04394426580921758,0.11254019292604502,0.01822079314040729,0.01822079314040729,0.11039657020364416,0.05037513397642015,0.04501607717041801,0.10182207931404073,0.030010718113612004,0.05359056806002144,0.006430868167202572,0.02465166130760986,115644,0.39013933547695606,0.1639871382636656,0.3504823151125402,0.4844587352625938
P00734,Prothrombin,F2,Protease,Thrombosis coagulation,6,https://alphafold.ebi.ac.uk/files/AF-P00734-F1-model_v6.pdb,622,83.94,0.098,0.068,0.283,0.551,0.34887459807073956,0.20096463022508038,0.1382636655948553,0.1382636655948553,0.09003215434083602,0.2491961414790997,0.05305466237942122,0.07877813504823152,0.04180064308681672,0.06752411575562701,0.04180064308681672,0.05627009646302251,0.0819935691318328,0.03376205787781351,0.07877813504823152,0.02090032154340836,0.03536977491961415,0.04662379421221865,0.0819935691318328,0.014469453376205787,0.04019292604501608,0.05305466237942122,0.04180064308681672,0.0707395498392283,0.06109324758842444,0.05787781350482315,0.0594855305466238,0.022508038585209004,0.03376205787781351,81136,0.33440514469453375,0.20418006430868169,0.28938906752411575,0.4340836012861736
P12821,Angiotensin-converting enzyme,ACE,Protease,Hypertension heart failure,6,https://alphafold.ebi.ac.uk/files/AF-P12821-F1-model_v6.pdb,1306,90.94,0.039,0.018,0.138,0.805,0.4211332312404288,0.20903522205206737,0.12633996937212863,0.1125574272588055,0.11868300153139356,0.20903522205206737,0.062021439509954056,0.05819295558958652,0.010719754977029096,0.08039816232771822,0.010719754977029096,0.05130168453292496,0.06125574272588055,0.0444104134762634,0.05819295558958652,0.033690658499234305,0.03598774885145482,0.04058192955589587,0.11638591117917305,0.022970903522205207,0.0444104134762634,0.062021439509954056,0.05742725880551302,0.05206738131699847,0.05972434915773354,0.04747320061255743,0.04670750382848392,0.03139356814701378,0.042879019908116385,173035,0.3790199081163859,0.1807044410413476,0.27565084226646247,0.39127105666156203
P56817,Beta-secretase 1,BACE1,Protease,Alzheimers disease,6,https://alphafold.ebi.ac.uk/files/AF-P56817-F1-model_v6.pdb,501,87.5,0.11,0.046,0.106,0.739,0.42714570858283435,0.19560878243512975,0.10379241516966067,0.10978043912175649,0.10379241516966067,0.24151696606786427,0.05588822355289421,0.08582834331337326,0.021956087824351298,0.06786427145708583,0.021956087824351298,0.05389221556886228,0.05588822355289421,0.043912175648702596,0.08582834331337326,0.01996007984031936,0.05588822355289421,0.031936127744510975,0.09780439121756487,0.027944111776447105,0.029940119760479042,0.05588822355289421,0.043912175648702596,0.05189620758483034,0.0658682634730539,0.05588822355289421,0.07385229540918163,0.01996007984031936,0.03992015968063872,64700,0.3253493013972056,0.23552894211576847,0.29141716566866266,0.3912175648702595
P14735,Insulin-degrading enzyme,IDE,Protease,Diabetes Alzheimers,6,https://alphafold.ebi.ac.uk/files/AF-P14735-F1-model_v6.pdb,1019,94.0,0.05,0.008,0.013,0.929,0.41216879293424924,0.1815505397448479,0.15309126594700687,0.13542688910696762,0.10893032384690873,0.17075564278704614,0.05789990186457311,0.04612365063788027,0.013738959764474975,0.06084396467124632,0.013738959764474975,0.04612365063788027,0.08930323846908735,0.0549558390578999,0.04612365063788027,0.0323846908734053,0.05691854759568204,0.07556427870461237,0.11383709519136408,0.02453385672227674,0.047105004906771344,0.05789990186457311,0.042198233562315994,0.045142296368989206,0.050049067713444556,0.042198233562315994,0.047105004906771344,0.009813542688910697,0.04416094210009813,136157,0.40628066732090284,0.2168792934249264,0.24730127576054955,0.40628066732090284
O43353,Rhomboid-related protease 2,RHBDL2,Protease,Cancer signaling,6,https://alphafold.ebi.ac.uk/files/AF-O43353-F1-model_v6.pdb,540,76.06,0.25,0.056,0.172,0.522,0.37037037037037035,0.2388888888888889,0.15,0.11666666666666667,0.06481481481481481,0.21296296296296297,0.06481481481481481,0.040740740740740744,0.018518518518518517,0.053703703703703705,0.018518518518518517,0.046296296296296294,0.07037037037037037,0.024074074074074074,0.040740740740740744,0.040740740740740744,0.06851851851851852,0.05740740740740741,0.1111111111111111,0.025925925925925925,0.044444444444444446,0.06481481481481481,0.05,0.05185185185185185,0.1,0.044444444444444446,0.046296296296296294,0.012962962962962963,0.027777777777777776,70827,0.3685185185185185,0.18518518518518517,0.2962962962962963,0.4351851851851852
P07339,Cathepsin D,CTSD,Protease,Cancer lysosomal disease,6,https://alphafold.ebi.ac.uk/files/AF-P07339-F1-model_v6.pdb,412,85.0,0.085,0.1,0.199,0.617,0.4199029126213592,0.2087378640776699,0.09951456310679611,0.09223300970873786,0.08980582524271845,0.27427184466019416,0.06310679611650485,0.09466019417475728,0.021844660194174758,0.06796116504854369,0.021844660194174758,0.050970873786407765,0.0412621359223301,0.03398058252427184,0.09466019417475728,0.014563106796116505,0.055825242718446605,0.055825242718446605,0.09951456310679611,0.024271844660194174,0.02669902912621359,0.06310679611650485,0.0412621359223301,0.02912621359223301,0.08980582524271845,0.050970873786407765,0.0825242718446602,0.009708737864077669,0.04611650485436893,51899,0.3300970873786408,0.24029126213592233,0.32524271844660196,0.41504854368932037
P07711,Cathepsin L1,CTSL,Protease,Cancer osteoporosis,6,https://alphafold.ebi.ac.uk/files/AF-P07711-F1-model_v6.pdb,333,93.5,0.033,0.027,0.063,0.877,0.3813813813813814,0.2072072072072072,0.12312312312312312,0.13213213213213212,0.12312312312312312,0.26426426426426425,0.036036036036036036,0.0960960960960961,0.024024024024024024,0.07507507507507508,0.024024024024024024,0.04504504504504504,0.08708708708708708,0.04804804804804805,0.0960960960960961,0.021021021021021023,0.02702702702702703,0.06306306306306306,0.05405405405405406,0.04504504504504504,0.057057057057057055,0.036036036036036036,0.03903903903903904,0.03903903903903904,0.06906906906906907,0.042042042042042045,0.057057057057057055,0.02702702702702703,0.04804804804804805,43498,0.3633633633633634,0.2042042042042042,0.3033033033033033,0.4294294294294294
P08254,Stromelysin-1,MMP3,Protease,Arthritis cancer invasion,6,https://alphafold.ebi.ac.uk/files/AF-P08254-F1-model_v6.pdb,477,85.69,0.061,0.09,0.266,0.583,0.3920335429769392,0.16981132075471697,0.14465408805031446,0.13836477987421383,0.11949685534591195,0.19916142557651992,0.07756813417190776,0.06708595387840671,0.010482180293501049,0.06079664570230608,0.010482180293501049,0.07547169811320754,0.06289308176100629,0.06708595387840671,0.06708595387840671,0.027253668763102725,0.0440251572327044,0.06918238993710692,0.09014675052410902,0.014675052410901468,0.033542976939203356,0.07756813417190776,0.018867924528301886,0.04821802935010482,0.06079664570230608,0.05660377358490566,0.06289308176100629,0.016771488469601678,0.03563941299790356,62484,0.3165618448637317,0.22012578616352202,0.31446540880503143,0.40461215932914046
P03956,Interstitial collagenase,MMP1,Protease,Arthritis fibrosis,6,https://alphafold.ebi.ac.uk/files/AF-P03956-F1-model_v6.pdb,469,91.25,0.049,0.058,0.043,0.851,0.3880597014925373,0.19402985074626866,0.14925373134328357,0.12366737739872068,0.14072494669509594,0.18336886993603413,0.06396588486140725,0.07462686567164178,0.006396588486140725,0.057569296375266525,0.006396588486140725,0.07036247334754797,0.053304904051172705,0.0767590618336887,0.07462686567164178,0.03411513859275053,0.03837953091684435,0.06396588486140725,0.06823027718550106,0.021321961620469083,0.046908315565031986,0.06396588486140725,0.04904051172707889,0.0511727078891258,0.04477611940298507,0.053304904051172705,0.06183368869936034,0.017057569296375266,0.046908315565031986,62370,0.31343283582089554,0.2302771855010661,0.3006396588486141,0.40085287846481876
P09237,Matrilysin,MMP7,Protease,Cancer invasion,6,https://alphafold.ebi.ac.uk/files/AF-P09237-F1-model_v6.pdb,267,87.81,0.045,0.116,0.101,0.738,0.39325842696629215,0.1947565543071161,0.13857677902621723,0.10486891385767791,0.10112359550561797,0.24719101123595505,0.0599250936329588,0.09737827715355805,0.011235955056179775,0.06741573033707865,0.011235955056179775,0.0599250936329588,0.0449438202247191,0.04119850187265917,0.09737827715355805,0.0299625468164794,0.04119850187265917,0.06367041198501873,0.10112359550561797,0.033707865168539325,0.04119850187265917,0.0599250936329588,0.033707865168539325,0.0449438202247191,0.07116104868913857,0.04868913857677903,0.04868913857677903,0.018726591760299626,0.04119850187265917,34431,0.3445692883895131,0.18352059925093633,0.3295880149812734,0.4157303370786517
P04637,Cellular tumor antigen p53,TP53,Tumor_Suppressor,Pan-cancer,6,https://alphafold.ebi.ac.uk/files/AF-P04637-F1-model_v6.pdb,393,75.06,0.298,0.104,0.071,0.527,0.30025445292620867,0.22646310432569974,0.1475826972010178,0.1272264631043257,0.061068702290076333,0.24173027989821882,0.11450381679389313,0.058524173027989825,0.02544529262086514,0.061068702290076333,0.02544529262086514,0.05089058524173028,0.07633587786259542,0.027989821882951654,0.058524173027989825,0.030534351145038167,0.020356234096692113,0.05089058524173028,0.08142493638676845,0.030534351145038167,0.035623409669211195,0.11450381679389313,0.03816793893129771,0.06615776081424936,0.09669211195928754,0.05597964376590331,0.04580152671755725,0.010178117048346057,0.022900763358778626,50660,0.3384223918575064,0.14249363867684478,0.356234096692112,0.5012722646310432
P38398,Breast cancer type 1 susceptibility protein,BRCA1,Tumor_Suppressor,Breast ovarian cancer,6,https://alphafold.ebi.ac.uk/files/AF-P38398-F1-model_v6.pdb,1863,41.59,0.804,0.022,0.063,0.111,0.28878153515834676,0.29683306494900696,0.1406333870101986,0.15190552871712293,0.04830917874396135,0.23564143853998926,0.05152979066022544,0.04669887278582931,0.023617820719269995,0.04508856682769726,0.023617820719269995,0.045625335480407946,0.10628019323671498,0.026301663982823402,0.04669887278582931,0.026301663982823402,0.041331186258722494,0.07353730542136339,0.08373590982286634,0.01610305958132045,0.06494900697799248,0.05152979066022544,0.05206655931293613,0.04079441760601181,0.1202361782071927,0.05958132045088567,0.05421363392377885,0.005367686527106817,0.016639828234031134,241006,0.37681159420289856,0.16210413311862587,0.3290391841116479,0.49114331723027377
P06400,Retinoblastoma-associated protein,RB1,Tumor_Suppressor,Retinoblastoma cancer,6,https://alphafold.ebi.ac.uk/files/AF-P06400-F1-model_v6.pdb,928,76.06,0.216,0.142,0.137,0.505,0.38038793103448276,0.23060344827586207,0.1497844827586207,0.1271551724137931,0.07974137931034483,0.17995689655172414,0.06465517241379311,0.03125,0.016163793103448277,0.04741379310344827,0.016163793103448277,0.04849137931034483,0.07866379310344827,0.04202586206896552,0.03125,0.018318965517241378,0.06465517241379311,0.08189655172413793,0.10883620689655173,0.03017241379310345,0.04849137931034483,0.06465517241379311,0.03771551724137931,0.04956896551724138,0.08512931034482758,0.059267241379310345,0.04956896551724138,0.007543103448275862,0.03017241379310345,122723,0.38469827586206895,0.2025862068965517,0.27801724137931033,0.42887931034482757
P60484,Phosphatase and tensin homolog,PTEN,Tumor_Suppressor,Prostate breast cancer,6,https://alphafold.ebi.ac.uk/files/AF-P60484-F1-model_v6.pdb,403,83.0,0.171,0.052,0.089,0.687,0.36476426799007444,0.19602977667493796,0.1662531017369727,0.15384615384615385,0.12406947890818859,0.1588089330024814,0.05707196029776675,0.03722084367245657,0.02481389578163772,0.04218362282878412,0.02481389578163772,0.08188585607940446,0.07196029776674938,0.062034739454094295,0.03722084367245657,0.03225806451612903,0.04962779156327544,0.08436724565756824,0.06699751861042183,0.022332506203473945,0.05707196029776675,0.05707196029776675,0.03225806451612903,0.04962779156327544,0.05459057071960298,0.052109181141439205,0.05955334987593052,0.004962779156327543,0.05707196029776675,54349,0.3200992555831266,0.2531017369727047,0.2878411910669975,0.3870967741935484
Q13485,Mothers against decapentaplegic homolog 4,SMAD4,Tumor_Suppressor,Colorectal pancreatic cancer,6,https://alphafold.ebi.ac.uk/files/AF-Q13485-F1-model_v6.pdb,552,73.38,0.328,0.047,0.125,0.5,0.36231884057971014,0.2318840579710145,0.13405797101449277,0.09239130434782608,0.07065217391304347,0.266304347826087,0.08152173913043478,0.07246376811594203,0.025362318840579712,0.08695652173913043,0.025362318840579712,0.04710144927536232,0.04528985507246377,0.02355072463768116,0.07246376811594203,0.05434782608695652,0.05253623188405797,0.036231884057971016,0.07427536231884058,0.018115942028985508,0.034420289855072464,0.08152173913043478,0.057971014492753624,0.043478260869565216,0.08152173913043478,0.057971014492753624,0.059782608695652176,0.014492753623188406,0.03260869565217391,70289,0.3188405797101449,0.19384057971014493,0.3170289855072464,0.41847826086956524
P42771,Cyclin-dependent kinase inhibitor 2A,CDKN2A,Tumor_Suppressor,Melanoma pancreatic cancer,6,https://alphafold.ebi.ac.uk/files/AF-P42771-F1-model_v6.pdb,156,76.31,0.128,0.109,0.75,0.013,0.4423076923076923,0.10897435897435898,0.14102564102564102,0.14102564102564102,0.03205128205128205,0.3269230769230769,0.07051282051282051,0.08974358974358974,0.00641025641025641,0.1858974358974359,0.00641025641025641,0.07051282051282051,0.07051282051282051,0.00641025641025641,0.08974358974358974,0.03205128205128205,0.019230769230769232,0.0,0.10897435897435898,0.03205128205128205,0.02564102564102564,0.07051282051282051,0.00641025641025641,0.10897435897435898,0.04487179487179487,0.03205128205128205,0.0641025641025641,0.01282051282051282,0.01282051282051282,19304,0.40384615384615385,0.10897435897435898,0.30128205128205127,0.391025641025641
Q9NWZ3,Homeodomain-interacting protein kinase 2,HIPK2,Tumor_Suppressor,Leukemia,6,https://alphafold.ebi.ac.uk/files/AF-Q9NWZ3-F1-model_v6.pdb,460,83.94,0.12,0.043,0.228,0.609,0.3847826086956522,0.22391304347826088,0.13043478260869565,0.14130434782608695,0.07391304347826087,0.20217391304347826,0.05,0.05217391304347826,0.017391304347826087,0.06304347826086956,0.017391304347826087,0.06956521739130435,0.07173913043478261,0.041304347826086954,0.05217391304347826,0.021739130434782608,0.05652173913043478,0.07391304347826087,0.09782608695652174,0.030434782608695653,0.04782608695652174,0.05,0.043478260869565216,0.034782608695652174,0.06956521739130435,0.06304347826086956,0.06304347826086956,0.006521739130434782,0.02608695652173913,59733,0.3804347826086957,0.20434782608695654,0.2891304347826087,0.39565217391304347
P40763,Signal transducer STAT3,STAT3,Tumor_Suppressor,Cancer inflammation,6,https://alphafold.ebi.ac.uk/files/AF-P40763-F1-model_v6.pdb,770,84.88,0.104,0.068,0.148,0.681,0.39090909090909093,0.2545454545454545,0.12337662337662338,0.11818181818181818,0.08571428571428572,0.19220779220779222,0.04415584415584416,0.05064935064935065,0.01818181818181818,0.05714285714285714,0.01818181818181818,0.04155844155844156,0.07662337662337662,0.03896103896103896,0.05064935064935065,0.016883116883116882,0.053246753246753244,0.06103896103896104,0.10649350649350649,0.03506493506493506,0.04935064935064935,0.04415584415584416,0.07792207792207792,0.045454545454545456,0.06623376623376623,0.06103896103896104,0.053246753246753244,0.01948051948051948,0.02727272727272727,101809,0.4142857142857143,0.19090909090909092,0.2519480519480519,0.42207792207792205
P13569,Cystic fibrosis transmembrane conductance regulator,CFTR,Ion_Channel,Cystic fibrosis,6,https://alphafold.ebi.ac.uk/files/AF-P13569-F1-model_v6.pdb,1480,75.62,0.171,0.094,0.419,0.316,0.44594594594594594,0.22094594594594594,0.13175675675675674,0.10202702702702703,0.1,0.20810810810810812,0.030405405405405407,0.05675675675675676,0.012162162162162163,0.056081081081081084,0.012162162162162163,0.03918918918918919,0.06283783783783783,0.057432432432432436,0.05675675675675676,0.016891891891891893,0.0804054054054054,0.062162162162162166,0.12364864864864865,0.025,0.03648648648648649,0.030405405405405407,0.04527027027027027,0.052702702702702706,0.0831081081081081,0.056081081081081084,0.060810810810810814,0.015540540540540541,0.02702702702702703,194568,0.375,0.23783783783783785,0.24594594594594596,0.3932432432432432
Q12809,Potassium channel hERG,KCNH2,Ion_Channel,Cardiac arrhythmia QT prolongation,6,https://alphafold.ebi.ac.uk/files/AF-Q12809-F1-model_v6.pdb,1159,62.75,0.451,0.051,0.227,0.271,0.3899913718723037,0.1993097497842968,0.1276962899050906,0.0992234685073339,0.07420189818809318,0.270060396893874,0.08283002588438308,0.08024158757549611,0.02070750647109577,0.08024158757549611,0.02070750647109577,0.04745470232959448,0.05176876617773943,0.03968938740293356,0.08024158757549611,0.024158757549611734,0.04831751509922347,0.030198446937014668,0.10871440897325281,0.02070750647109577,0.030198446937014668,0.08283002588438308,0.029335634167385678,0.07333908541846419,0.08886971527178603,0.05090595340811044,0.057808455565142365,0.010353753235547885,0.024158757549611734,147354,0.32096635030198445,0.1906816220880069,0.32959447799827435,0.4365832614322692
Q14524,Sodium channel protein type 5 subunit alpha,SCN5A,Ion_Channel,Brugada syndrome arrhythmia,6,https://alphafold.ebi.ac.uk/files/AF-Q14524-F1-model_v6.pdb,2016,67.25,0.264,0.149,0.473,0.114,0.4384920634920635,0.21031746031746032,0.10615079365079365,0.11359126984126984,0.10466269841269842,0.22470238095238096,0.05257936507936508,0.05803571428571429,0.020833333333333332,0.06746031746031746,0.020833333333333332,0.04662698412698413,0.06696428571428571,0.061507936507936505,0.05803571428571429,0.013392857142857142,0.060515873015873016,0.04117063492063492,0.11259920634920635,0.03422619047619048,0.03819444444444445,0.05257936507936508,0.03521825396825397,0.051587301587301584,0.07837301587301587,0.05853174603174603,0.059027777777777776,0.01636904761904762,0.026785714285714284,262948,0.3576388888888889,0.2286706349206349,0.27380952380952384,0.38392857142857145
O00555,Voltage-dependent calcium channel subunit alpha-1A,CACNA1A,Ion_Channel,Migraine epilepsy,6,https://alphafold.ebi.ac.uk/files/AF-O00555-F1-model_v6.pdb,2506,57.72,0.441,0.14,0.376,0.043,0.38268156424581007,0.19792498004788509,0.1512370311252993,0.11133280127693536,0.09297685554668794,0.2294493216280926,0.06863527533918595,0.07701516360734238,0.0111731843575419,0.07581803671189145,0.0111731843575419,0.04748603351955307,0.06384676775738228,0.04988028731045491,0.07701516360734238,0.02713487629688747,0.04549082202713488,0.04389465283320032,0.08300079808459697,0.03391859537110934,0.04189944134078212,0.06863527533918595,0.04309656823623304,0.0802075019952115,0.06544293695131684,0.04748603351955307,0.051476456504389465,0.012769353551476457,0.030327214684756583,327332,0.3435754189944134,0.18834796488427774,0.30047885075818037,0.4421388667198723
Q9UNQ0,ATP-binding cassette sub-family G member 2,ABCG2,Ion_Channel,Drug resistance cancer,6,https://alphafold.ebi.ac.uk/files/AF-Q9UNQ0-F1-model_v6.pdb,655,85.25,0.096,0.047,0.211,0.646,0.4580152671755725,0.22595419847328244,0.1099236641221374,0.07786259541984733,0.10534351145038168,0.24885496183206107,0.0366412213740458,0.0732824427480916,0.0183206106870229,0.0717557251908397,0.0183206106870229,0.03206106870229008,0.04580152671755725,0.06412213740458016,0.0732824427480916,0.015267175572519083,0.06870229007633588,0.061068702290076333,0.11755725190839694,0.02900763358778626,0.051908396946564885,0.0366412213740458,0.030534351145038167,0.03358778625954199,0.08549618320610687,0.05801526717557252,0.06564885496183206,0.007633587786259542,0.03358778625954199,84002,0.35572519083969467,0.250381679389313,0.27938931297709924,0.366412213740458
P08183,Multidrug resistance protein 1,ABCB1,Ion_Channel,Drug resistance MDR,6,https://alphafold.ebi.ac.uk/files/AF-P08183-F1-model_v6.pdb,1280,84.56,0.077,0.033,0.345,0.545,0.45625,0.20546875,0.13046875,0.10234375,0.090625,0.24296875,0.02265625,0.07734375,0.00546875,0.09140625,0.00546875,0.04375,0.05859375,0.0546875,0.07734375,0.01484375,0.08125,0.06640625,0.09296875,0.025,0.04140625,0.02265625,0.04140625,0.04921875,0.06875,0.05390625,0.075,0.00859375,0.02734375,164337,0.37578125,0.24375,0.25390625,0.384375
Q9Y6M1,Acid-sensing ion channel 1,ASIC1,Ion_Channel,Pain neurodegeneration,6,https://alphafold.ebi.ac.uk/files/AF-Q9Y6M1-F1-model_v6.pdb,599,77.44,0.184,0.06,0.432,0.324,0.3756260434056761,0.21869782971619364,0.15025041736227046,0.11352253756260434,0.06010016694490818,0.22370617696160267,0.06343906510851419,0.07512520868113523,0.00333889816360601,0.08180300500834725,0.00333889816360601,0.03005008347245409,0.08347245409015025,0.0333889816360601,0.07512520868113523,0.03171953255425709,0.08347245409015025,0.06844741235392321,0.07178631051752922,0.015025041736227046,0.038397328881469114,0.06343906510851419,0.06176961602671119,0.05008347245409015,0.06343906510851419,0.05509181969949917,0.06343906510851419,0.00333889816360601,0.02337228714524207,76810,0.3823038397328882,0.20701168614357263,0.2704507512520868,0.4657762938230384
P51790,Chloride channel protein 3,CLCN3,Ion_Channel,Neurodegeneration,6,https://alphafold.ebi.ac.uk/files/AF-P51790-F1-model_v6.pdb,818,80.0,0.121,0.07,0.396,0.413,0.4682151589242054,0.1784841075794621,0.10880195599022005,0.10268948655256724,0.1136919315403423,0.25183374083129584,0.042787286063569685,0.07701711491442542,0.022004889975550123,0.0843520782396088,0.022004889975550123,0.04767726161369193,0.0550122249388753,0.05378973105134474,0.07701711491442542,0.019559902200488997,0.07823960880195599,0.042787286063569685,0.097799511002445,0.028117359413202935,0.03300733496332518,0.042787286063569685,0.017114914425427872,0.04645476772616137,0.06845965770171149,0.05990220048899755,0.06601466992665037,0.023227383863080684,0.03667481662591687,105567,0.3251833740831296,0.2567237163814181,0.26894865525672373,0.34963325183374083
P04035,3-hydroxy-3-methylglutaryl-CoA reductase,HMGCR,Enzyme,Hypercholesterolemia,6,https://alphafold.ebi.ac.uk/files/AF-P04035-F1-model_v6.pdb,888,75.31,0.207,0.168,0.176,0.449,0.42680180180180183,0.22184684684684686,0.11036036036036036,0.10022522522522523,0.06531531531531531,0.25563063063063063,0.041666666666666664,0.06756756756756757,0.03153153153153153,0.07657657657657657,0.03153153153153153,0.02927927927927928,0.07094594594594594,0.036036036036036036,0.06756756756756757,0.015765765765765764,0.06756756756756757,0.04617117117117117,0.1036036036036036,0.037162162162162164,0.04842342342342342,0.041666666666666664,0.03490990990990991,0.04842342342342342,0.07995495495495496,0.05855855855855856,0.07657657657657657,0.007882882882882882,0.021396396396396396,113329,0.36936936936936937,0.23310810810810811,0.2668918918918919,0.38963963963963966
P00374,Dihydrofolate reductase,DHFR,Enzyme,Cancer bacterial infection,6,https://alphafold.ebi.ac.uk/files/AF-P00374-F1-model_v6.pdb,187,96.12,0.005,0.005,0.027,0.963,0.3850267379679144,0.1925133689839572,0.1497326203208556,0.13368983957219252,0.0962566844919786,0.1657754010695187,0.06417112299465241,0.06951871657754011,0.0053475935828877,0.026737967914438502,0.0053475935828877,0.0481283422459893,0.0855614973262032,0.0481283422459893,0.06951871657754011,0.016042780748663103,0.0481283422459893,0.09090909090909091,0.10160427807486631,0.0374331550802139,0.053475935828877004,0.06417112299465241,0.0374331550802139,0.0427807486631016,0.06417112299465241,0.0374331550802139,0.0748663101604278,0.016042780748663103,0.03208556149732621,24776,0.37967914438502676,0.20855614973262032,0.2994652406417112,0.45454545454545453
P35354,Prostaglandin G/H synthase 2,PTGS2,Enzyme,Inflammation pain fever,6,https://alphafold.ebi.ac.uk/files/AF-P35354-F1-model_v6.pdb,604,93.0,0.053,0.031,0.008,0.907,0.402317880794702,0.21357615894039736,0.13245033112582782,0.10264900662251655,0.11754966887417219,0.19205298013245034,0.06622516556291391,0.061258278145695365,0.02152317880794702,0.05132450331125828,0.02152317880794702,0.04304635761589404,0.059602649006622516,0.06291390728476821,0.061258278145695365,0.03145695364238411,0.056291390728476824,0.056291390728476824,0.09437086092715231,0.024834437086092714,0.048013245033112585,0.06622516556291391,0.05132450331125828,0.04470198675496689,0.057947019867549666,0.056291390728476824,0.057947019867549666,0.009933774834437087,0.04470198675496689,79771,0.33774834437086093,0.2433774834437086,0.2764900662251656,0.3973509933774834
P23219,Prostaglandin G/H synthase 1,PTGS1,Enzyme,Inflammation platelet aggregation,6,https://alphafold.ebi.ac.uk/files/AF-P23219-F1-model_v6.pdb,599,93.94,0.038,0.038,0.005,0.918,0.41736227045075125,0.18196994991652754,0.12687813021702837,0.1001669449081803,0.12687813021702837,0.19365609348914858,0.07679465776293823,0.07512520868113523,0.021702838063439065,0.041736227045075125,0.021702838063439065,0.04006677796327212,0.06010016694490818,0.0651085141903172,0.07512520868113523,0.03005008347245409,0.041736227045075125,0.041736227045075125,0.12353923205342238,0.03005008347245409,0.03171953255425709,0.07679465776293823,0.045075125208681135,0.05509181969949917,0.05509181969949917,0.05008347245409015,0.05342237061769616,0.01669449081803005,0.045075125208681135,79371,0.34223706176961605,0.2270450751252087,0.27879799666110183,0.4090150250417362
P22303,Acetylcholinesterase,ACHE,Enzyme,Alzheimers myasthenia gravis,6,https://alphafold.ebi.ac.uk/files/AF-P22303-F1-model_v6.pdb,614,92.94,0.055,0.028,0.065,0.852,0.42833876221498374,0.16775244299674266,0.11074918566775244,0.10260586319218241,0.10912052117263844,0.255700325732899,0.08306188925081433,0.09446254071661238,0.013029315960912053,0.08957654723127036,0.013029315960912053,0.04723127035830619,0.05537459283387622,0.04723127035830619,0.09446254071661238,0.024429967426710098,0.014657980456026058,0.016286644951140065,0.11237785016286644,0.014657980456026058,0.02768729641693811,0.08306188925081433,0.03908794788273615,0.07003257328990228,0.05863192182410423,0.04234527687296417,0.08794788273615635,0.02768729641693811,0.03420195439739414,78753,0.3273615635179153,0.1970684039087948,0.31107491856677527,0.4169381107491857
P10632,Cytochrome P450 2C8,CYP2C8,Enzyme,Drug metabolism,6,https://alphafold.ebi.ac.uk/files/AF-P10632-F1-model_v6.pdb,490,93.06,0.0,0.006,0.208,0.786,0.39387755102040817,0.21224489795918366,0.1469387755102041,0.10408163265306122,0.09795918367346938,0.17551020408163265,0.05918367346938776,0.05510204081632653,0.02857142857142857,0.03469387755102041,0.02857142857142857,0.05102040816326531,0.053061224489795916,0.06938775510204082,0.05510204081632653,0.024489795918367346,0.0653061224489796,0.0673469387755102,0.09795918367346938,0.024489795918367346,0.061224489795918366,0.05918367346938776,0.030612244897959183,0.05510204081632653,0.05714285714285714,0.06326530612244897,0.07346938775510205,0.006122448979591836,0.022448979591836733,64562,0.3081632653061224,0.25918367346938775,0.2836734693877551,0.37755102040816324
P04798,Cytochrome P450 1A1,CYP1A1,Enzyme,Drug metabolism carcinogen activation,6,https://alphafold.ebi.ac.uk/files/AF-P04798-F1-model_v6.pdb,512,95.5,0.008,0.01,0.072,0.91,0.419921875,0.212890625,0.134765625,0.095703125,0.1015625,0.203125,0.05859375,0.060546875,0.017578125,0.044921875,0.017578125,0.044921875,0.05078125,0.060546875,0.060546875,0.029296875,0.06640625,0.046875,0.103515625,0.029296875,0.04296875,0.05859375,0.04296875,0.05859375,0.080078125,0.046875,0.07421875,0.015625,0.025390625,67296,0.318359375,0.244140625,0.287109375,0.3984375
P11712,Cytochrome P450 2C9,CYP2C9,Enzyme,Drug metabolism warfarin,6,https://alphafold.ebi.ac.uk/files/AF-P11712-F1-model_v6.pdb,490,92.94,0.0,0.027,0.184,0.79,0.41020408163265304,0.19591836734693877,0.13877551020408163,0.10816326530612246,0.09591836734693877,0.18571428571428572,0.06326530612244897,0.05714285714285714,0.026530612244897958,0.036734693877551024,0.026530612244897958,0.04285714285714286,0.0653061224489796,0.0653061224489796,0.05714285714285714,0.024489795918367346,0.06938775510204082,0.07142857142857142,0.11836734693877551,0.02857142857142857,0.053061224489795916,0.06326530612244897,0.02857142857142857,0.04285714285714286,0.0653061224489796,0.04897959183673469,0.061224489795918366,0.006122448979591836,0.024489795918367346,64365,0.3489795918367347,0.24693877551020407,0.2816326530612245,0.39387755102040817
P10635,Cytochrome P450 2D6,CYP2D6,Enzyme,Drug metabolism pharmacogenomics,6,https://alphafold.ebi.ac.uk/files/AF-P10635-F1-model_v6.pdb,497,94.44,0.002,0.016,0.139,0.843,0.4386317907444668,0.16498993963782696,0.13480885311871227,0.10663983903420524,0.0925553319919517,0.20724346076458752,0.07645875251509054,0.06639839034205232,0.012072434607645875,0.08249496981891348,0.012072434607645875,0.04627766599597585,0.060362173038229376,0.06639839034205232,0.06639839034205232,0.03219315895372234,0.030181086519114688,0.02414486921529175,0.13279678068410464,0.02012072434607646,0.02414486921529175,0.07645875251509054,0.04426559356136821,0.07847082494969819,0.04627766599597585,0.05030181086519115,0.08048289738430583,0.014084507042253521,0.012072434607645875,64633,0.3641851106639839,0.2012072434607646,0.2595573440643863,0.3963782696177062
P05177,Cytochrome P450 1A2,CYP1A2,Enzyme,Drug metabolism caffeine,6,https://alphafold.ebi.ac.uk/files/AF-P05177-F1-model_v6.pdb,516,95.56,0.012,0.01,0.068,0.911,0.4127906976744186,0.21511627906976744,0.13953488372093023,0.09496124031007752,0.10077519379844961,0.20736434108527133,0.06782945736434108,0.0562015503875969,0.013565891472868217,0.060077519379844964,0.013565891472868217,0.044573643410852716,0.050387596899224806,0.06395348837209303,0.0562015503875969,0.025193798449612403,0.050387596899224806,0.050387596899224806,0.1182170542635659,0.01937984496124031,0.03488372093023256,0.06782945736434108,0.046511627906976744,0.06395348837209303,0.07751937984496124,0.0562015503875969,0.06395348837209303,0.01744186046511628,0.01937984496124031,67610,0.3449612403100775,0.21124031007751937,0.2810077519379845,0.4127906976744186
P10636,Microtubule-associated protein tau,MAPT,Neurological,Alzheimers frontotemporal dementia,6,https://alphafold.ebi.ac.uk/files/AF-P10636-F1-model_v6.pdb,758,49.22,0.656,0.269,0.075,0.0,0.24802110817941952,0.23087071240105542,0.1503957783641161,0.1345646437994723,0.01978891820580475,0.29683377308707126,0.12269129287598944,0.10817941952506596,0.005277044854881266,0.079155672823219,0.005277044854881266,0.05672823218997362,0.07783641160949868,0.011873350923482849,0.10817941952506596,0.026385224274406333,0.026385224274406333,0.08443271767810026,0.05672823218997362,0.011873350923482849,0.017150395778364115,0.12269129287598944,0.04353562005277045,0.0395778364116095,0.10422163588390501,0.06596306068601583,0.05408970976253298,0.0,0.0079155672823219,92466,0.35356200527704484,0.10554089709762533,0.40897097625329815,0.5804749340369393
P05067,Amyloid precursor protein,APP,Neurological,Alzheimers disease,6,https://alphafold.ebi.ac.uk/files/AF-P05067-F1-model_v6.pdb,770,67.38,0.357,0.088,0.266,0.288,0.36623376623376624,0.1974025974025974,0.13376623376623376,0.18441558441558442,0.06493506493506493,0.2,0.045454545454545456,0.04935064935064935,0.023376623376623377,0.08181818181818182,0.023376623376623377,0.06493506493506493,0.11948051948051948,0.02727272727272727,0.04935064935064935,0.032467532467532464,0.03116883116883117,0.053246753246753244,0.07272727272727272,0.03116883116883117,0.04025974025974026,0.045454545454545456,0.046753246753246755,0.048051948051948054,0.045454545454545456,0.06493506493506493,0.08441558441558442,0.011688311688311689,0.025974025974025976,100688,0.4051948051948052,0.19220779220779222,0.24545454545454545,0.4077922077922078
P37840,Alpha-synuclein,SNCA,Neurological,Parkinsons disease,6,https://alphafold.ebi.ac.uk/files/AF-P37840-F1-model_v6.pdb,140,75.19,0.129,0.243,0.336,0.293,0.38571428571428573,0.16428571428571428,0.11428571428571428,0.17142857142857143,0.04285714285714286,0.29285714285714287,0.03571428571428571,0.12857142857142856,0.0,0.1357142857142857,0.0,0.04285714285714286,0.12857142857142856,0.014285714285714285,0.12857142857142856,0.007142857142857143,0.014285714285714285,0.10714285714285714,0.02857142857142857,0.02857142857142857,0.02142857142857143,0.03571428571428571,0.04285714285714286,0.0,0.02857142857142857,0.07142857142857142,0.1357142857142857,0.0,0.02857142857142857,16946,0.4714285714285714,0.19285714285714287,0.2571428571428571,0.4714285714285714
P02649,Apolipoprotein E,APOE,Neurological,Alzheimers cardiovascular,6,https://alphafold.ebi.ac.uk/files/AF-P02649-F1-model_v6.pdb,317,75.5,0.161,0.101,0.42,0.319,0.41009463722397477,0.1861198738170347,0.15457413249211358,0.1608832807570978,0.050473186119873815,0.2302839116719243,0.025236593059936908,0.056782334384858045,0.006309148264984227,0.12302839116719243,0.006309148264984227,0.03470031545741325,0.12618296529968454,0.012618296529968454,0.056782334384858045,0.006309148264984227,0.006309148264984227,0.04100946372239748,0.12933753943217666,0.025236593059936908,0.0031545741324921135,0.025236593059936908,0.10094637223974763,0.10725552050473186,0.04416403785488959,0.03785488958990536,0.07570977917981073,0.025236593059936908,0.012618296529968454,41801,0.5457413249211357,0.11356466876971609,0.1640378548895899,0.501577287066246
P04156,Major prion protein,PRNP,Neurological,Prion diseases CJD,6,https://alphafold.ebi.ac.uk/files/AF-P04156-F1-model_v6.pdb,253,64.19,0.387,0.115,0.411,0.087,0.33992094861660077,0.21739130434782608,0.1225296442687747,0.05928853754940711,0.11462450592885376,0.2924901185770751,0.06719367588932806,0.17786561264822134,0.015810276679841896,0.039525691699604744,0.015810276679841896,0.023715415019762844,0.03557312252964427,0.02766798418972332,0.17786561264822134,0.039525691699604744,0.03557312252964427,0.039525691699604744,0.04743083003952569,0.04743083003952569,0.04743083003952569,0.06719367588932806,0.05928853754940711,0.043478260869565216,0.05928853754940711,0.05138339920948617,0.05533596837944664,0.03557312252964427,0.05138339920948617,32166,0.26877470355731226,0.1857707509881423,0.37549407114624506,0.48221343873517786
P35228,Nitric oxide synthase inducible,NOS2,Neurological,Inflammation neurodegeneration,6,https://alphafold.ebi.ac.uk/files/AF-P35228-F1-model_v6.pdb,1153,85.38,0.09,0.037,0.224,0.649,0.3876843018213356,0.204683434518647,0.15091066782307025,0.11101474414570685,0.09453599306157849,0.212489158716392,0.06331309627059845,0.05897658282740677,0.023417172593235037,0.062445793581960105,0.023417172593235037,0.045099739809193407,0.06591500433651344,0.04423243712055507,0.05897658282740677,0.03469210754553339,0.03555941023417172,0.058109280138768434,0.10147441457068516,0.02515177797051171,0.032090199479618386,0.06331309627059845,0.053772766695576756,0.058109280138768434,0.06764960971379011,0.05117085862966175,0.06851691240242845,0.01821335646140503,0.032090199479618386,151703,0.3668690372940156,0.20381613183000868,0.26712922810060713,0.42584562012142235
P06213,Insulin receptor,INSR,Neurological,Diabetes insulin resistance,6,https://alphafold.ebi.ac.uk/files/AF-P06213-F1-model_v6.pdb,1382,77.62,0.164,0.095,0.3,0.441,0.37264833574529665,0.20549927641099855,0.1345875542691751,0.12735166425470332,0.09406657018813314,0.22431259044862517,0.059334298118668596,0.06657018813314038,0.03400868306801737,0.04775687409551375,0.03400868306801737,0.05065123010130246,0.07670043415340087,0.0426917510853835,0.06657018813314038,0.026772793053545588,0.04775687409551375,0.04848046309696093,0.09840810419681621,0.02170767004341534,0.05209840810419682,0.059334298118668596,0.027496382054992764,0.059334298118668596,0.07597684515195369,0.049927641099855286,0.06295224312590449,0.01447178002894356,0.03690303907380608,181013,0.32054992764109985,0.22431259044862517,0.30463096960926195,0.41389290882778584
P23975,Sodium-dependent noradrenaline transporter,SLC6A2,Neurological,Depression ADHD,6,https://alphafold.ebi.ac.uk/files/AF-P23975-F1-model_v6.pdb,617,87.25,0.084,0.042,0.151,0.723,0.5299837925445705,0.17504051863857376,0.08914100486223663,0.06807131280388978,0.15559157212317667,0.23014586709886548,0.04051863857374392,0.08103727714748785,0.01620745542949757,0.07779578606158834,0.01620745542949757,0.03565640194489465,0.03241491085899514,0.07617504051863858,0.08103727714748785,0.02106969205834684,0.06482982171799027,0.03727714748784441,0.12641815235008103,0.02106969205834684,0.03889789303079417,0.04051863857374392,0.027552674230145867,0.03079416531604538,0.055105348460291734,0.05348460291734198,0.08427876823338736,0.03079416531604538,0.04862236628849271,80339,0.3225283630470016,0.2901134521880065,0.25121555915721233,0.3047001620745543
P31645,Sodium-dependent serotonin transporter,SLC6A4,Neurological,Depression OCD,6,https://alphafold.ebi.ac.uk/files/AF-P31645-F1-model_v6.pdb,630,84.69,0.137,0.011,0.103,0.749,0.49682539682539684,0.2015873015873016,0.0746031746031746,0.07142857142857142,0.14761904761904762,0.24603174603174602,0.047619047619047616,0.07936507936507936,0.02857142857142857,0.07301587301587302,0.02857142857142857,0.02857142857142857,0.04285714285714286,0.06825396825396825,0.07936507936507936,0.011111111111111112,0.08888888888888889,0.03333333333333333,0.09682539682539683,0.01904761904761905,0.03492063492063492,0.047619047619047616,0.02857142857142857,0.03015873015873016,0.06507936507936508,0.07301587301587302,0.07142857142857142,0.03015873015873016,0.049206349206349205,81565,0.29365079365079366,0.30634920634920637,0.25555555555555554,0.326984126984127
Q01959,Sodium-dependent dopamine transporter,SLC6A3,Neurological,Parkinsons ADHD addiction,6,https://alphafold.ebi.ac.uk/files/AF-Q01959-F1-model_v6.pdb,620,86.94,0.113,0.015,0.123,0.75,0.5096774193548387,0.18387096774193548,0.08548387096774193,0.07096774193548387,0.13709677419354838,0.25806451612903225,0.0467741935483871,0.08225806451612903,0.020967741935483872,0.07741935483870968,0.020967741935483872,0.037096774193548385,0.03387096774193549,0.07096774193548387,0.08225806451612903,0.01935483870967742,0.06451612903225806,0.03387096774193549,0.11612903225806452,0.020967741935483872,0.02903225806451613,0.0467741935483871,0.024193548387096774,0.03225806451612903,0.07741935483870968,0.0532258064516129,0.0935483870967742,0.027419354838709678,0.03870967741935484,79557,0.3064516129032258,0.2887096774193548,0.2725806451612903,0.33064516129032256
P01375,Tumor necrosis factor,TNF,Inflammatory,Rheumatoid arthritis IBD,6,https://alphafold.ebi.ac.uk/files/AF-P01375-F1-model_v6.pdb,233,84.56,0.069,0.18,0.12,0.631,0.4206008583690987,0.2145922746781116,0.11158798283261803,0.09871244635193133,0.0815450643776824,0.2575107296137339,0.06437768240343347,0.07296137339055794,0.017167381974248927,0.0815450643776824,0.017167381974248927,0.030042918454935622,0.06866952789699571,0.04291845493562232,0.07296137339055794,0.017167381974248927,0.05150214592274678,0.034334763948497854,0.12875536480686695,0.008583690987124463,0.030042918454935622,0.06437768240343347,0.055793991416309016,0.060085836909871244,0.08583690987124463,0.04291845493562232,0.06866952789699571,0.008583690987124463,0.030042918454935622,29791,0.3776824034334764,0.21030042918454936,0.2832618025751073,0.44206008583690987
P05231,Interleukin-6,IL6,Inflammatory,Rheumatoid arthritis cytokine storm,6,https://alphafold.ebi.ac.uk/files/AF-P05231-F1-model_v6.pdb,212,85.31,0.038,0.179,0.132,0.651,0.39622641509433965,0.2688679245283019,0.1179245283018868,0.11320754716981132,0.07075471698113207,0.22641509433962265,0.05188679245283019,0.0330188679245283,0.018867924528301886,0.08490566037735849,0.018867924528301886,0.03773584905660377,0.07547169811320754,0.05188679245283019,0.0330188679245283,0.009433962264150943,0.04245283018867924,0.0660377358490566,0.1320754716981132,0.02830188679245283,0.05188679245283019,0.05188679245283019,0.0660377358490566,0.04245283018867924,0.08962264150943396,0.06132075471698113,0.03773584905660377,0.0047169811320754715,0.014150943396226415,27489,0.4528301886792453,0.1650943396226415,0.2641509433962264,0.42452830188679247
P23458,Tyrosine-protein kinase JAK1,JAK1,Inflammatory,Rheumatoid arthritis,6,https://alphafold.ebi.ac.uk/files/AF-P23458-F1-model_v6.pdb,1154,85.56,0.073,0.062,0.264,0.601,0.3734835355285962,0.19670710571923744,0.16897746967071056,0.1386481802426343,0.09012131715771231,0.18370883882149047,0.045060658578856154,0.049393414211438474,0.02772963604852686,0.043327556325823226,0.02772963604852686,0.05632582322357019,0.08232235701906412,0.038128249566724434,0.049393414211438474,0.029462738301559793,0.05719237435008666,0.09012131715771231,0.09705372616984402,0.029462738301559793,0.0511265164644714,0.045060658578856154,0.03552859618717504,0.049393414211438474,0.0632582322357019,0.04679376083188908,0.05632582322357019,0.012998266897746967,0.0389948006932409,153878,0.3778162911611785,0.21837088388214904,0.2651646447140381,0.4150779896013865
P52333,Tyrosine-protein kinase JAK3,JAK3,Inflammatory,Rheumatoid arthritis leukemia,6,https://alphafold.ebi.ac.uk/files/AF-P52333-F1-model_v6.pdb,1124,85.69,0.08,0.04,0.258,0.622,0.4083629893238434,0.17348754448398576,0.1396797153024911,0.11120996441281139,0.0809608540925267,0.25622775800711745,0.06850533807829182,0.07028469750889679,0.028469750889679714,0.07829181494661921,0.028469750889679714,0.05249110320284697,0.05871886120996441,0.04092526690391459,0.07028469750889679,0.03291814946619217,0.03291814946619217,0.037366548042704624,0.13434163701067617,0.017793594306049824,0.013345195729537367,0.06850533807829182,0.04715302491103203,0.0693950177935943,0.0791814946619217,0.033807829181494664,0.06405693950177936,0.013345195729537367,0.026690391459074734,145169,0.3736654804270463,0.19306049822064056,0.28380782918149466,0.4306049822064057
P15692,Vascular endothelial growth factor A,VEGFA,Inflammatory,Angiogenesis cancer AMD,6,https://alphafold.ebi.ac.uk/files/AF-P15692-F1-model_v6.pdb,395,63.91,0.441,0.137,0.142,0.281,0.28860759493670884,0.17468354430379746,0.1949367088607595,0.12151898734177215,0.053164556962025315,0.31645569620253167,0.07341772151898734,0.10126582278481013,0.04556962025316456,0.09113924050632911,0.04556962025316456,0.030379746835443037,0.09113924050632911,0.020253164556962026,0.10126582278481013,0.030379746835443037,0.020253164556962026,0.060759493670886074,0.05569620253164557,0.020253164556962026,0.017721518987341773,0.07341772151898734,0.04810126582278481,0.10379746835443038,0.07848101265822785,0.030379746835443037,0.04810126582278481,0.015189873417721518,0.017721518987341773,50640,0.3670886075949367,0.1518987341772152,0.3012658227848101,0.5569620253164557
P01584,Interleukin-1 beta,IL1B,Inflammatory,Inflammation fever pain,6,https://alphafold.ebi.ac.uk/files/AF-P01584-F1-model_v6.pdb,269,76.25,0.175,0.26,0.082,0.483,0.3903345724907063,0.22304832713754646,0.11152416356877323,0.1524163568773234,0.11152416356877323,0.19330855018587362,0.055762081784386616,0.048327137546468404,0.01858736059479554,0.048327137546468404,0.01858736059479554,0.07434944237918216,0.07806691449814127,0.07434944237918216,0.048327137546468404,0.01486988847583643,0.03345724907063197,0.07434944237918216,0.08921933085501858,0.04460966542750929,0.04460966542750929,0.055762081784386616,0.06691449814126393,0.022304832713754646,0.07806691449814127,0.03345724907063197,0.06319702602230483,0.007434944237918215,0.02973977695167286,35537,0.40148698884758366,0.21933085501858737,0.30111524163568776,0.42379182156133827
P35225,Interleukin-13,IL13,Inflammatory,Asthma atopic dermatitis,6,https://alphafold.ebi.ac.uk/files/AF-P35225-F1-model_v6.pdb,146,85.62,0.007,0.13,0.301,0.562,0.4589041095890411,0.2191780821917808,0.10273972602739725,0.06164383561643835,0.0547945205479452,0.2602739726027397,0.0547945205479452,0.0684931506849315,0.03424657534246575,0.0821917808219178,0.03424657534246575,0.0136986301369863,0.04794520547945205,0.0410958904109589,0.0684931506849315,0.0273972602739726,0.04794520547945205,0.04794520547945205,0.1780821917808219,0.03424657534246575,0.04794520547945205,0.0547945205479452,0.0410958904109589,0.0273972602739726,0.07534246575342465,0.0547945205479452,0.06164383561643835,0.00684931506849315,0.00684931506849315,18379,0.4315068493150685,0.1917808219178082,0.2602739726027397,0.363013698630137
P29460,Interleukin-12 subunit beta,IL12B,Inflammatory,Autoimmune neuroinflammation,6,https://alphafold.ebi.ac.uk/files/AF-P29460-F1-model_v6.pdb,328,91.12,0.058,0.024,0.104,0.814,0.3597560975609756,0.24390243902439024,0.13414634146341464,0.13719512195121952,0.10365853658536585,0.24085365853658536,0.04573170731707317,0.04573170731707317,0.03353658536585366,0.04878048780487805,0.03353658536585366,0.06402439024390244,0.07317073170731707,0.03353658536585366,0.04573170731707317,0.018292682926829267,0.039634146341463415,0.07926829268292683,0.07926829268292683,0.009146341463414634,0.021341463414634148,0.04573170731707317,0.039634146341463415,0.036585365853658534,0.11280487804878049,0.0701219512195122,0.07926829268292683,0.03353658536585366,0.036585365853658534,43013,0.32926829268292684,0.2225609756097561,0.2896341463414634,0.4329268292682927
P01308,Insulin,INS,Hormone,Type 1 and 2 diabetes,6,https://alphafold.ebi.ac.uk/files/AF-P01308-F1-model_v6.pdb,110,52.91,0.509,0.364,0.127,0.0,0.44545454545454544,0.16363636363636364,0.08181818181818182,0.09090909090909091,0.08181818181818182,0.3,0.05454545454545454,0.10909090909090909,0.05454545454545454,0.09090909090909091,0.05454545454545454,0.01818181818181818,0.07272727272727272,0.02727272727272727,0.10909090909090909,0.01818181818181818,0.01818181818181818,0.01818181818181818,0.18181818181818182,0.01818181818181818,0.02727272727272727,0.05454545454545454,0.06363636363636363,0.045454545454545456,0.045454545454545456,0.02727272727272727,0.05454545454545454,0.01818181818181818,0.03636363636363636,13929,0.44545454545454544,0.19090909090909092,0.2545454545454545,0.4090909090909091
P69905,Hemoglobin subunit alpha,HBA1,Structural,Sickle cell anemia thalassemia,6,https://alphafold.ebi.ac.uk/files/AF-P69905-F1-model_v6.pdb,142,98.06,0.0,0.007,0.0,0.993,0.4647887323943662,0.176056338028169,0.16901408450704225,0.08450704225352113,0.07746478873239436,0.28169014084507044,0.04929577464788732,0.04929577464788732,0.007042253521126761,0.14788732394366197,0.007042253521126761,0.056338028169014086,0.028169014084507043,0.04929577464788732,0.04929577464788732,0.07042253521126761,0.0,0.07746478873239436,0.1267605633802817,0.02112676056338028,0.028169014084507043,0.04929577464788732,0.007042253521126761,0.02112676056338028,0.07746478873239436,0.06338028169014084,0.09154929577464789,0.007042253521126761,0.02112676056338028,17778,0.4084507042253521,0.16901408450704225,0.2605633802816901,0.30985915492957744
P68871,Hemoglobin subunit beta,HBB,Structural,Sickle cell anemia thalassemia,6,https://alphafold.ebi.ac.uk/files/AF-P68871-F1-model_v6.pdb,147,97.19,0.0,0.007,0.02,0.973,0.4489795918367347,0.14285714285714285,0.1564625850340136,0.10204081632653061,0.08843537414965986,0.23809523809523808,0.047619047619047616,0.08843537414965986,0.013605442176870748,0.10204081632653061,0.013605442176870748,0.047619047619047616,0.05442176870748299,0.05442176870748299,0.08843537414965986,0.061224489795918366,0.0,0.07482993197278912,0.12244897959183673,0.013605442176870748,0.04081632653061224,0.047619047619047616,0.02040816326530612,0.02040816326530612,0.034013605442176874,0.047619047619047616,0.12244897959183673,0.013605442176870748,0.02040816326530612,18608,0.3877551020408163,0.2108843537414966,0.2585034013605442,0.3401360544217687
P02452,Collagen alpha-1 chain,COL1A1,Structural,Osteogenesis imperfecta fibrosis,6,https://alphafold.ebi.ac.uk/files/AF-P02452-F1-model_v6.pdb,1464,52.72,0.673,0.131,0.045,0.15,0.21721311475409835,0.12363387978142076,0.0935792349726776,0.09631147540983606,0.031420765027322405,0.41598360655737704,0.18989071038251365,0.26707650273224043,0.012295081967213115,0.09562841530054644,0.012295081967213115,0.045081967213114756,0.05122950819672131,0.018442622950819672,0.26707650273224043,0.006147540983606557,0.01639344262295082,0.0389344262295082,0.03278688524590164,0.008879781420765027,0.01912568306010929,0.18989071038251365,0.03346994535519126,0.04849726775956284,0.040983606557377046,0.030054644808743168,0.03210382513661202,0.004098360655737705,0.008879781420765027,165093,0.2609289617486339,0.08811475409836066,0.5621584699453552,0.6700819672131147
P04264,Keratin type II cytoskeletal 1,KRT1,Structural,Skin disorders,6,https://alphafold.ebi.ac.uk/files/AF-P04264-F1-model_v6.pdb,644,63.06,0.491,0.061,0.174,0.275,0.2732919254658385,0.27639751552795033,0.10869565217391304,0.09937888198757763,0.07142857142857142,0.4083850931677019,0.010869565217391304,0.2267080745341615,0.004658385093167702,0.037267080745341616,0.004658385093167702,0.04192546583850932,0.05745341614906832,0.03260869565217391,0.2267080745341615,0.006211180124223602,0.046583850931677016,0.043478260869565216,0.06521739130434782,0.012422360248447204,0.043478260869565216,0.010869565217391304,0.055900621118012424,0.059006211180124224,0.13975155279503104,0.037267080745341616,0.040372670807453416,0.0015527950310559005,0.037267080745341616,77541,0.2717391304347826,0.16149068322981366,0.46273291925465837,0.593167701863354
P08670,Vimentin,VIM,Structural,Cancer EMT biomarker,6,https://alphafold.ebi.ac.uk/files/AF-P08670-F1-model_v6.pdb,466,77.06,0.24,0.064,0.2,0.496,0.3497854077253219,0.26609442060085836,0.15236051502145923,0.18025751072961374,0.05150214592274678,0.19527896995708155,0.019313304721030045,0.030042918454935622,0.002145922746781116,0.07081545064377683,0.002145922746781116,0.06223175965665236,0.11802575107296137,0.02145922746781116,0.030042918454935622,0.012875536480686695,0.032188841201716736,0.04721030042918455,0.11802575107296137,0.02145922746781116,0.04935622317596566,0.019313304721030045,0.07081545064377683,0.09227467811158799,0.09227467811158799,0.0536480686695279,0.055793991416309016,0.002145922746781116,0.027896995708154508,61962,0.44635193133047213,0.13948497854077252,0.2532188841201717,0.4699570815450644
P60709,Actin cytoplasmic 1,ACTB,Structural,Cytoskeleton cancer,6,https://alphafold.ebi.ac.uk/files/AF-P60709-F1-model_v6.pdb,375,95.19,0.005,0.021,0.045,0.928,0.41333333333333333,0.192,0.12266666666666666,0.13066666666666665,0.08533333333333333,0.23466666666666666,0.050666666666666665,0.07466666666666667,0.016,0.07733333333333334,0.016,0.06133333333333333,0.06933333333333333,0.034666666666666665,0.07466666666666667,0.024,0.07466666666666667,0.050666666666666665,0.072,0.04533333333333334,0.024,0.050666666666666665,0.032,0.048,0.06666666666666667,0.06933333333333333,0.058666666666666666,0.010666666666666666,0.04,48421,0.3466666666666667,0.224,0.2773333333333333,0.392
P02787,Serotransferrin,TF,Transport,Iron deficiency anemia,6,https://alphafold.ebi.ac.uk/files/AF-P02787-F1-model_v6.pdb,698,93.12,0.027,0.014,0.105,0.854,0.37392550143266473,0.17478510028653296,0.1489971346704871,0.12464183381088825,0.08882521489971347,0.27793696275071633,0.045845272206303724,0.07449856733524356,0.05730659025787966,0.08739255014326648,0.05730659025787966,0.06446991404011461,0.06017191977077364,0.04011461318051576,0.07449856733524356,0.027220630372492838,0.022922636103151862,0.0830945558739255,0.09312320916905444,0.014326647564469915,0.04871060171919771,0.045845272206303724,0.024355300859598854,0.03868194842406877,0.05873925501432665,0.04297994269340974,0.0673352435530086,0.011461318051575931,0.03724928366762178,89522,0.3624641833810888,0.22492836676217765,0.2922636103151863,0.3853868194842407
P02768,Serum albumin,ALB,Transport,Drug binding liver disease,6,https://alphafold.ebi.ac.uk/files/AF-P02768-F1-model_v6.pdb,609,92.69,0.041,0.002,0.077,0.88,0.3973727422003284,0.15435139573070608,0.16912972085385877,0.16091954022988506,0.09195402298850575,0.22824302134646962,0.03940886699507389,0.021346469622331693,0.05747126436781609,0.10344827586206896,0.05747126436781609,0.059113300492610835,0.10180623973727422,0.05747126436781609,0.021346469622331693,0.026272577996715927,0.014778325123152709,0.09852216748768473,0.10509031198686371,0.011494252873563218,0.027914614121510674,0.03940886699507389,0.03284072249589491,0.04433497536945813,0.04597701149425287,0.047619047619047616,0.07060755336617405,0.003284072249589491,0.031198686371100164,80231,0.45320197044334976,0.2315270935960591,0.19376026272577998,0.3842364532019704
